loan_id,gender,married,dependents,education,self_employed,applicant_income,coapplicant_income,loan_amount,loan_amount_term,credit_history,property_area,loan_status
LP002500,Male,,3+,Not Graduate,No,3210.0,1664.0,70.0,180.0,0.0,Urban,N
LP001750,m,Yes,0,Graduate,No,6037.0,0.0,134.0,360.0,1.0,Semiurban,Y
LP002544,m,Yes,1,Not Graduate,,1926.0,2436.0,133.0,360.0,1.0,Rural,Accepted
LP001514,Female,Yes,0,Graduate,no,2608.0,4486.0,98.0,360.0,1.0,Semiurban,Accepted
LP002301,Female,No,,Graduate,true,7319.0,0.0,191.0,360.0,1.0,Rural,N
LP002768,Male,No,0,Not Graduate,false,3100.0,0.0,80.0,36.0,1.0,Semiurban,Refused
LP002693,Male,Yes,2,Graduate,Yes,7952.0,7166.0,491.0,360.0,1.0,Rural,Accepted
LP001836,f,No,2,Graduate,No,3194.0,0.0,148.0,360.0,1.0,Urban,N
LP001669,Female,No,0,Not Graduate,,1867.0,2365.0,122.0,,1.0,Urban,Accepted
LP001990,m,No,0,Not Graduate,no,2074.0,0.0,,360.0,1.0,Urban,N
LP002367,f,No,1,Not Graduate,,4515.0,0.0,79.0,360.0,1.0,Rural,N
LP001907,Male,Yes,0,Graduate,no,14379.0,0.0,445.0,360.0,1.0,Semiurban,Accepted
LP002739,Male,Yes,0,Not Graduate,false,3138.0,536.0,67.0,360.0,1.0,Rural,N
LP001572,,Yes,0,Graduate,,8451.0,0.0,70.0,180.0,1.0,Urban,Accepted
LP001945,Female,No,,Graduate,no,5704.0,0.0,147.0,480.0,0.0,Urban,N
LP001138,Male,,1,Graduate,false,5105.0,0.0,45.0,360.0,1.0,Urban,Y
LP002732,m,No,,Not Graduate,,2663.0,2042.0,131.0,360.0,1.0,Rural,Y
LP001776,Female,No,0,Graduate,No,8043.0,0.0,272.0,360.0,1.0,Semiurban,Y
LP002244,Male,Yes,0,Graduate,false,2302.0,2417.0,134.0,360.0,1.0,Urban,Y
LP002478,,Yes,0,Graduate,,2125.0,4083.0,153.0,360.0,,Semiurban,
LP002501,,,0,Graduate,,15926.0,0.0,113.0,360.0,1.0,Semiurban,Y
LP001046,Male,Yes,1,,,6177.0,5625.0,302.0,360.0,1.0,Urban,Y
LP002036,,Yes,0,Graduate,false,1965.0,2134.0,90.0,360.0,,,Y
LP001448,,Yes,3+,Graduate,false,25659.0,0.0,372.0,360.0,1.0,Rural,Accepted
LP002586,f,Yes,1,Graduate,,3663.0,913.0,110.0,84.0,1.0,Semiurban,Y
LP002820,Male,Yes,0,Graduate,No,5266.0,2054.0,200.0,360.0,1.0,Rural,Y
LP001489,Female,Yes,0,Graduate,no,4697.0,0.0,87.0,360.0,1.0,Rural,Refused
LP001497,Male,Yes,2,Graduate,no,4850.0,2083.0,184.0,360.0,1.0,Rural,Refused
LP001157,Female,No,0,,No,3111.0,0.0,125.0,360.0,1.0,Semiurban,
LP002366,Male,Yes,0,Graduate,false,2679.0,4300.0,119.0,360.0,1.0,Rural,Accepted
LP001751,m,,0,Graduate,false,3350.0,0.0,172.0,360.0,1.0,,N
LP002296,Male,No,0,Not Graduate,false,2761.0,0.0,65.0,300.0,1.0,Rural,N
LP002531,m,Yes,1,Graduate,true,15600.0,2250.0,89.0,360.0,1.0,Semiurban,Y
LP002789,Male,Yes,0,Graduate,No,3315.0,4266.0,135.0,180.0,0.0,Rural,N
LP001384,m,Yes,3+,Not Graduate,no,2149.0,754.0,95.0,480.0,1.0,Semiurban,Accepted
LP002659,Male,Yes,3+,Graduate,,3579.0,3428.0,154.0,360.0,1.0,Rural,Accepted
LP002101,m,,0,Graduate,,68295.0,0.0,467.0,180.0,1.0,Urban,
LP002144,f,No,,Graduate,No,4193.0,0.0,112.0,180.0,1.0,Urban,Y
LP001743,m,Yes,2,Graduate,false,4088.0,1717.0,114.0,360.0,1.0,Semiurban,Y
LP001047,Male,Yes,0,Not Graduate,no,2668.0,1911.0,114.0,360.0,0.0,,Refused
LP001610,Male,,3+,Graduate,false,5789.0,11300.0,483.0,360.0,0.0,Semiurban,N
LP002187,m,,0,Graduate,,2471.0,0.0,95.0,480.0,1.0,Semiurban,N
LP001137,Female,No,,Graduate,false,3528.0,0.0,88.0,,1.0,Urban,Y
LP002418,m,No,3+,Not Graduate,no,4562.0,1993.0,146.0,360.0,1.0,Semiurban,Y
LP001430,f,,0,Graduate,,4488.0,0.0,42.0,360.0,1.0,,Y
LP001565,m,Yes,1,Graduate,No,3165.0,1280.0,114.0,360.0,0.0,Semiurban,Refused
LP001859,Male,Yes,0,Graduate,No,14376.0,2100.0,309.0,360.0,1.0,Rural,N
LP001401,Male,Yes,1,Graduate,false,14864.0,0.0,185.0,180.0,1.0,Rural,Accepted
LP002706,m,Yes,1,Not Graduate,,4939.0,1430.0,162.0,360.0,0.0,,Accepted
LP001119,m,No,0,Graduate,,3836.0,0.0,81.0,360.0,1.0,Urban,Refused
LP002855,Male,Yes,2,Graduate,false,16378.0,0.0,274.0,360.0,1.0,Urban,Accepted
LP001310,m,Yes,0,Graduate,false,5606.0,4167.0,175.0,360.0,1.0,Semiurban,Accepted
LP002103,,Yes,1,,,10299.0,1833.0,178.0,180.0,1.0,Urban,Accepted
LP002517,Male,Yes,1,Not Graduate,no,2789.0,1500.0,110.0,180.0,0.0,Rural,N
LP002128,Male,Yes,,Graduate,,2857.0,2330.0,126.0,360.0,1.0,Rural,Y
LP001326,m,No,0,Graduate,,6697.0,0.0,,360.0,,Urban,Refused
LP001387,Female,Yes,0,Graduate,,2809.0,2333.0,139.0,360.0,1.0,Semiurban,Accepted
LP001736,m,Yes,0,Graduate,false,2355.0,0.0,61.0,360.0,0.0,Urban,N
LP001666,Male,No,0,Graduate,No,8018.0,3750.0,189.0,360.0,1.0,Rural,Y
LP001255,Male,No,0,Graduate,No,3729.0,0.0,112.0,480.0,1.0,Urban,N
LP001245,m,Yes,2,Not Graduate,true,1922.0,1875.0,96.0,360.0,1.0,,Y
LP001922,m,Yes,0,Graduate,,20627.0,0.0,,360.0,1.0,Rural,Refused
LP001715,m,Yes,3+,Not Graduate,,5697.0,0.0,135.0,360.0,1.0,Rural,
LP001868,Male,,0,Graduate,no,2160.0,2209.0,130.0,360.0,1.0,Semiurban,Y
LP001811,m,Yes,,Not Graduate,,3344.0,4417.0,119.0,360.0,1.0,Semiurban,Y
LP001241,Female,No,0,Graduate,false,4090.0,0.0,132.0,360.0,0.0,Semiurban,Refused
LP001392,f,No,1,Graduate,yes,7797.0,0.0,,360.0,1.0,Semiurban,Y
LP001066,Male,Yes,0,Graduate,,8976.0,0.0,190.0,360.0,1.0,Semiurban,Y
LP001693,Female,No,0,Graduate,,3388.0,0.0,84.0,360.0,1.0,Urban,Y
LP001938,m,Yes,2,Graduate,,4109.0,0.0,124.0,360.0,0.0,Semiurban,N
LP002130,m,Yes,,Not Graduate,,3745.0,3230.0,155.0,360.0,0.0,Rural,
LP002151,Male,Yes,1,Graduate,false,4168.0,0.0,65.0,360.0,1.0,,Refused
LP002190,Male,Yes,1,Graduate,false,6378.0,0.0,178.0,360.0,1.0,Semiurban,Y
LP001451,m,Yes,1,Graduate,true,9778.0,3850.0,156.0,180.0,0.0,Urban,N
LP001692,Female,No,0,Not Graduate,No,4520.0,0.0,121.0,360.0,1.0,Semiurban,
LP002931,Male,Yes,2,Graduate,,6075.0,0.0,214.0,240.0,1.0,Semiurban,Refused
LP001643,Male,Yes,0,Graduate,No,2201.0,2138.0,58.0,360.0,,Rural,Y
LP001998,Male,Yes,2,Not Graduate,false,8026.0,0.0,194.0,360.0,,Rural,Y
LP001194,m,Yes,2,Graduate,,2769.0,1167.0,95.0,360.0,1.0,Semiurban,Y
LP001036,Female,No,0,Graduate,,3326.0,0.0,75.0,360.0,0.0,Urban,Refused
LP001698,Male,No,0,Not Graduate,No,4188.0,2531.0,53.0,360.0,1.0,Rural,Y
LP002050,m,Yes,1,Graduate,true,10559.0,0.0,156.0,360.0,1.0,,
LP002892,m,Yes,2,Graduate,,6041.0,0.0,207.0,360.0,1.0,Semiurban,Y
LP002974,Male,Yes,0,Graduate,no,3442.0,1950.0,108.0,360.0,1.0,Rural,Y
LP002705,Male,Yes,0,Graduate,false,4126.0,0.0,110.0,360.0,1.0,Semiurban,Accepted
LP002379,Male,No,0,Graduate,,6609.0,0.0,105.0,360.0,0.0,Rural,Refused
LP002277,f,No,0,Graduate,false,3103.0,0.0,73.0,360.0,0.0,Urban,N
LP001430,f,,0,Graduate,,4076.0,0.0,44.0,360.0,1.0,,Y
LP002706,m,Yes,1,Not Graduate,,5233.0,1430.0,157.0,360.0,0.0,,Accepted
LP002161,f,,1,Graduate,No,4959.0,0.0,82.0,360.0,1.0,,Refused
LP001807,,Yes,2,Graduate,yes,6270.0,1300.0,114.0,360.0,1.0,Rural,Y
LP002004,m,No,0,Not Graduate,No,2944.0,2405.0,111.0,360.0,1.0,Semiurban,Y
LP002767,m,Yes,0,Graduate,,2673.0,1950.0,155.0,360.0,1.0,Rural,Y
LP001529,,Yes,0,Graduate,true,2541.0,3750.0,155.0,360.0,1.0,Rural,Y
LP001151,Female,No,0,Graduate,,3944.0,2275.0,142.0,360.0,1.0,Semiurban,Accepted
LP001634,Male,No,0,Graduate,false,2001.0,5063.0,67.0,360.0,,Rural,N
LP002226,Male,Yes,0,Graduate,,3247.0,2500.0,122.0,360.0,1.0,Semiurban,Accepted
LP001849,m,No,0,Not Graduate,false,5741.0,0.0,118.0,360.0,0.0,Rural,Refused
LP002140,Male,No,0,Graduate,No,9831.0,4167.0,298.0,360.0,1.0,Rural,N
LP001640,Male,Yes,0,Graduate,true,38224.0,4750.0,122.0,360.0,1.0,Semiurban,Y
LP002115,m,Yes,3+,Not Graduate,no,2542.0,1587.0,173.0,360.0,1.0,Rural,Refused
LP002562,Male,Yes,1,Not Graduate,,4973.0,1131.0,184.0,360.0,,Urban,Y
LP002960,Male,Yes,0,,,2567.0,3800.0,,180.0,1.0,Urban,N
LP001195,m,Yes,0,Graduate,No,2025.0,1591.0,96.0,360.0,1.0,Semiurban,Y
LP002794,Female,No,0,Graduate,No,2657.0,1625.0,83.0,360.0,,Urban,Accepted
LP002515,Male,Yes,1,Graduate,true,3740.0,2079.0,161.0,360.0,1.0,Semiurban,Accepted
LP002053,Male,,3+,Graduate,No,3982.0,189.0,122.0,360.0,1.0,Semiurban,Y
LP001552,Male,Yes,0,Graduate,,4967.0,5625.0,253.0,360.0,1.0,Semiurban,
LP002795,Male,Yes,3+,Graduate,Yes,10306.0,0.0,257.0,360.0,1.0,Semiurban,Accepted
LP002237,Male,No,1,Graduate,,3716.0,0.0,109.0,180.0,1.0,Urban,Accepted
LP001508,m,Yes,2,Graduate,,11471.0,0.0,195.0,180.0,1.0,Urban,Accepted
LP001205,Male,Yes,0,Graduate,,2659.0,3796.0,117.0,360.0,1.0,Urban,Y
LP002894,f,Yes,0,Graduate,,3146.0,0.0,36.0,360.0,1.0,Semiurban,Accepted
LP001749,Male,Yes,0,Graduate,No,7139.0,1010.0,184.0,,1.0,Semiurban,Accepted
LP001179,Male,Yes,2,Graduate,false,4511.0,0.0,132.0,360.0,1.0,Urban,N
LP002319,Male,Yes,0,Graduate,,6035.0,0.0,161.0,360.0,,Urban,Accepted
LP001253,m,Yes,3+,Graduate,Yes,5358.0,1774.0,184.0,360.0,1.0,Semiurban,Y
LP001722,Male,Yes,0,Graduate,false,155.0,1800.0,136.0,360.0,1.0,Rural,Refused
LP001028,Male,Yes,2,Graduate,No,3120.0,8106.0,199.0,360.0,1.0,Urban,Accepted
LP002544,m,Yes,1,Not Graduate,,1748.0,2436.0,127.0,360.0,1.0,Rural,Accepted
LP002983,Male,Yes,1,Graduate,,7724.0,240.0,240.0,360.0,1.0,Urban,Y
LP002407,Female,Yes,0,Not Graduate,Yes,6772.0,0.0,136.0,360.0,1.0,Rural,Accepted
LP001608,Male,Yes,2,Graduate,no,1932.0,1619.0,102.0,360.0,1.0,Rural,Y
LP001422,Female,No,0,Graduate,,10498.0,0.0,261.0,360.0,1.0,Urban,Accepted
LP002945,Male,Yes,0,Graduate,Yes,8943.0,0.0,182.0,360.0,1.0,Rural,Y
LP002868,m,Yes,2,,no,3286.0,461.0,111.0,84.0,1.0,Urban,Accepted
LP001334,m,Yes,0,,false,3907.0,0.0,116.0,180.0,1.0,Semiurban,Y
LP001778,Male,Yes,1,Graduate,No,3309.0,1779.0,136.0,360.0,1.0,Semiurban,Y
LP002051,m,Yes,,Graduate,,2362.0,2167.0,116.0,360.0,1.0,Semiurban,Accepted
LP001888,Female,No,0,Graduate,,3096.0,0.0,30.0,360.0,1.0,Urban,Accepted
LP001146,Female,Yes,0,Graduate,no,2901.0,3440.0,124.0,360.0,0.0,Urban,Refused
LP001405,Male,Yes,1,Graduate,,2285.0,1398.0,88.0,360.0,,Urban,Y
LP001498,m,No,0,Graduate,no,5287.0,0.0,166.0,360.0,1.0,Urban,Accepted
LP001606,,Yes,0,Graduate,,3563.0,1964.0,121.0,360.0,1.0,Rural,Accepted
LP001024,,Yes,2,Graduate,,3220.0,700.0,71.0,360.0,1.0,Urban,Accepted
LP002455,Male,Yes,2,Graduate,,3982.0,0.0,97.0,360.0,1.0,Semiurban,Y
LP001914,m,Yes,0,Graduate,false,3548.0,800.0,114.0,360.0,1.0,Semiurban,Accepted
LP002231,Female,No,0,Graduate,,6184.0,0.0,156.0,360.0,1.0,Urban,Y
LP002720,Male,Yes,3+,Graduate,,4343.0,0.0,99.0,360.0,1.0,Urban,Y
LP002697,Male,No,,Graduate,false,4542.0,2087.0,,360.0,1.0,Semiurban,N
LP002585,Male,Yes,0,Graduate,false,3372.0,2157.0,118.0,360.0,0.0,Rural,Refused
LP002348,m,Yes,,Graduate,no,5462.0,0.0,140.0,360.0,1.0,Rural,Y
LP001256,Male,No,0,Graduate,No,3558.0,4750.0,180.0,360.0,1.0,Urban,Refused
LP002086,,Yes,0,Graduate,no,3941.0,2451.0,109.0,360.0,1.0,Urban,
LP001896,Male,Yes,2,Graduate,false,3636.0,0.0,94.0,360.0,1.0,Semiurban,Y
LP002729,Male,No,1,Graduate,No,10725.0,0.0,188.0,360.0,,Semiurban,N
LP001894,Male,Yes,0,Graduate,no,2306.0,2223.0,145.0,360.0,1.0,Semiurban,Accepted
LP001518,m,Yes,1,Graduate,,1534.0,1425.0,31.0,360.0,1.0,Urban,
LP001543,m,Yes,1,,no,9069.0,0.0,194.0,360.0,1.0,Urban,Y
LP001264,Male,Yes,3+,Not Graduate,Yes,3127.0,2166.0,131.0,360.0,,Semiurban,Y
LP002100,Male,No,,Graduate,No,2696.0,0.0,70.0,360.0,1.0,Urban,Accepted
LP002776,Female,No,0,Graduate,,5256.0,0.0,105.0,360.0,0.0,Semiurban,N
LP001038,Male,,0,Not Graduate,no,5102.0,0.0,134.0,360.0,1.0,Rural,Refused
LP001120,m,No,,Graduate,false,1728.0,1213.0,49.0,360.0,1.0,Urban,
LP002453,Male,No,0,Graduate,true,7015.0,0.0,84.0,360.0,1.0,Semiurban,Y
LP002813,Female,Yes,1,Graduate,Yes,18030.0,0.0,630.0,360.0,1.0,Semiurban,Accepted
LP002519,m,Yes,,Graduate,No,4920.0,0.0,99.0,360.0,1.0,Semiurban,Y
LP002731,f,No,0,Not Graduate,,17878.0,0.0,127.0,360.0,1.0,Urban,
LP002714,,No,1,,No,2904.0,1302.0,92.0,360.0,1.0,,Y
LP001581,Male,Yes,0,Not Graduate,,1853.0,1769.0,93.0,360.0,1.0,Rural,Accepted
LP002950,m,,0,,,2946.0,2792.0,154.0,360.0,1.0,Rural,Y
LP001493,m,Yes,2,Not Graduate,No,4498.0,1430.0,133.0,360.0,1.0,Rural,Refused
LP002637,m,No,0,Not Graduate,,3849.0,1287.0,102.0,360.0,1.0,Rural,Refused
LP002543,Male,Yes,2,Graduate,No,8117.0,0.0,242.0,360.0,1.0,Semiurban,Y
LP002265,,Yes,2,Not Graduate,,1973.0,1625.0,112.0,180.0,1.0,Semiurban,
LP002361,m,Yes,0,Graduate,No,1735.0,1719.0,102.0,360.0,1.0,Urban,Y
LP002387,Male,Yes,0,Graduate,,2468.0,2340.0,140.0,360.0,1.0,Semiurban,Y
LP002940,m,No,0,Not Graduate,No,3766.0,0.0,109.0,360.0,1.0,Rural,Y
LP001892,Male,No,0,Graduate,,2921.0,1857.0,126.0,360.0,1.0,Rural,Y
LP002560,Male,No,0,Not Graduate,false,2671.0,2785.0,95.0,360.0,,Semiurban,Y
LP002434,Male,Yes,,Not Graduate,,4560.0,0.0,112.0,360.0,1.0,Rural,Accepted
LP002223,m,,0,Graduate,,4081.0,0.0,126.0,360.0,,Semiurban,Y
LP001536,m,Yes,3+,Graduate,,39148.0,0.0,604.0,180.0,0.0,Semiurban,Y
LP002493,Male,No,0,Graduate,,4099.0,0.0,97.0,360.0,0.0,,Refused
LP002067,m,,1,Graduate,,9444.0,4983.0,376.0,360.0,0.0,Rural,N
LP002836,,No,0,Graduate,,3457.0,0.0,69.0,360.0,1.0,Urban,Y
LP001491,Male,Yes,2,Graduate,,3122.0,3500.0,86.0,360.0,1.0,Urban,Y
LP002098,m,,0,Graduate,no,2774.0,0.0,98.0,360.0,1.0,Semiurban,Accepted
LP002366,Male,Yes,0,Graduate,false,2747.0,4300.0,123.0,360.0,1.0,Rural,Accepted
LP001222,f,No,0,Graduate,false,3987.0,0.0,115.0,360.0,0.0,Semiurban,Refused
LP001579,,No,0,Graduate,no,2233.0,0.0,66.0,480.0,0.0,Semiurban,N
LP001319,Male,Yes,2,Not Graduate,,3445.0,1820.0,77.0,360.0,1.0,Urban,Accepted
LP002138,m,Yes,0,Graduate,false,2605.0,6250.0,187.0,360.0,1.0,Rural,Accepted
LP002487,m,Yes,0,Graduate,No,3168.0,2188.0,159.0,360.0,1.0,Rural,Accepted
LP001758,m,Yes,2,Graduate,No,5673.0,1695.0,216.0,360.0,1.0,Semiurban,Accepted
LP001068,m,Yes,0,Graduate,false,2881.0,2253.0,126.0,360.0,1.0,Semiurban,Accepted
LP002130,m,Yes,,Not Graduate,,3384.0,3230.0,147.0,360.0,0.0,Rural,
LP001841,Male,No,0,Not Graduate,true,2814.0,2167.0,102.0,360.0,1.0,Rural,Accepted
LP002541,Male,Yes,0,Graduate,false,10249.0,0.0,232.0,360.0,1.0,Semiurban,Accepted
LP001213,m,Yes,1,Graduate,no,5195.0,0.0,,360.0,0.0,Rural,Refused
LP002143,f,Yes,0,Graduate,false,2582.0,505.0,124.0,360.0,1.0,Semiurban,Accepted
LP001761,m,No,0,Graduate,,6171.0,0.0,203.0,360.0,1.0,Rural,Accepted
LP001882,m,,3+,Graduate,false,4407.0,1811.0,161.0,360.0,0.0,Urban,Y
LP001516,f,Yes,2,Graduate,false,15214.0,0.0,73.0,360.0,1.0,Urban,Accepted
LP002180,Male,No,0,Graduate,yes,6452.0,0.0,133.0,360.0,1.0,Rural,Accepted
LP002692,m,Yes,3+,Graduate,yes,5590.0,1424.0,103.0,360.0,1.0,Rural,Accepted
LP001947,Male,Yes,0,Graduate,no,2354.0,3334.0,170.0,360.0,1.0,Semiurban,Accepted
LP001504,Male,No,0,Graduate,yes,6837.0,0.0,181.0,180.0,1.0,Semiurban,Accepted
LP001507,m,Yes,0,Graduate,,2691.0,2034.0,120.0,360.0,1.0,Semiurban,
LP002979,Male,Yes,3+,Graduate,No,3956.0,0.0,38.0,180.0,1.0,Rural,Accepted
LP001155,Female,Yes,0,Not Graduate,No,2045.0,1644.0,101.0,360.0,1.0,Semiurban,Y
LP001488,m,Yes,3+,Graduate,false,4443.0,7750.0,285.0,360.0,1.0,Semiurban,N
LP002978,f,No,0,Graduate,false,2937.0,0.0,72.0,360.0,1.0,Rural,Y
LP001761,m,No,0,Graduate,,6778.0,0.0,202.0,360.0,1.0,Rural,Accepted
LP001800,Male,Yes,1,Not Graduate,,2305.0,1983.0,139.0,180.0,1.0,Urban,N
LP001116,m,No,0,Not Graduate,,3736.0,1668.0,110.0,360.0,1.0,Semiurban,Y
LP002755,Male,Yes,1,Not Graduate,,2191.0,2524.0,129.0,360.0,1.0,Urban,Y
LP002225,m,Yes,2,Graduate,,5037.0,0.0,128.0,360.0,1.0,Urban,Accepted
LP001349,Male,No,0,Graduate,false,4569.0,3806.0,145.0,360.0,1.0,Semiurban,Y
LP001734,,,2,Graduate,No,4091.0,2383.0,124.0,360.0,,Semiurban,Accepted
LP002308,,Yes,0,Not Graduate,No,2330.0,2400.0,109.0,360.0,1.0,Urban,Y
LP001098,m,Yes,0,Graduate,,3986.0,1667.0,108.0,360.0,1.0,Semiurban,Accepted
LP002317,m,Yes,3+,Graduate,no,87127.0,0.0,351.0,360.0,0.0,Rural,N
LP002086,,Yes,0,Graduate,no,4188.0,2451.0,112.0,360.0,1.0,Urban,
LP001884,f,No,1,Graduate,,2734.0,1560.0,88.0,360.0,1.0,Urban,Y
LP001020,Male,Yes,1,Graduate,,11612.0,10968.0,361.0,360.0,1.0,Semiurban,
LP002314,Female,No,0,Not Graduate,No,2233.0,0.0,67.0,360.0,1.0,Rural,
LP002862,Male,Yes,2,,,6161.0,1625.0,188.0,480.0,1.0,Semiurban,N
LP001910,m,No,1,Not Graduate,,3932.0,2426.0,168.0,360.0,0.0,,N
LP001343,Male,Yes,0,Graduate,,1850.0,3541.0,134.0,360.0,1.0,Semiurban,Accepted
LP001616,Male,Yes,1,Graduate,No,4010.0,0.0,113.0,360.0,1.0,Semiurban,Y
LP002683,Male,,0,Graduate,No,4750.0,1915.0,178.0,360.0,1.0,Semiurban,Refused
LP001761,m,No,0,Graduate,,6671.0,0.0,201.0,360.0,1.0,Rural,Accepted
LP001904,Male,Yes,0,Graduate,no,3068.0,1300.0,82.0,360.0,1.0,,Y
LP001086,m,No,0,Not Graduate,false,1430.0,0.0,34.0,360.0,1.0,Urban,Refused
LP002379,Male,No,0,Graduate,,5682.0,0.0,109.0,360.0,0.0,Rural,Refused
LP002984,Male,Yes,2,Graduate,No,7730.0,0.0,180.0,360.0,1.0,Urban,Y
LP001518,m,Yes,1,Graduate,,1493.0,1425.0,31.0,360.0,1.0,Urban,
LP001532,m,Yes,2,Not Graduate,No,2208.0,0.0,114.0,360.0,1.0,Rural,
LP002600,Male,Yes,1,Graduate,Yes,2889.0,0.0,99.0,360.0,1.0,Semiurban,Y
LP002357,Female,No,0,Not Graduate,No,2774.0,0.0,81.0,,0.0,Urban,Refused
LP001765,m,Yes,1,Graduate,false,2558.0,2054.0,108.0,360.0,1.0,Semiurban,Y
LP001432,Male,Yes,2,Graduate,no,3038.0,0.0,81.0,360.0,1.0,Semiurban,Y
LP001465,Male,Yes,0,Graduate,false,5915.0,2569.0,185.0,360.0,,Rural,Refused
LP001843,Male,Yes,1,Not Graduate,no,2785.0,7101.0,276.0,180.0,1.0,Semiurban,Accepted
LP001027,m,Yes,2,Graduate,,2206.0,1840.0,115.0,360.0,1.0,Urban,Accepted
LP002239,m,No,0,Not Graduate,,2218.0,1600.0,134.0,360.0,1.0,Semiurban,Y
LP001391,m,Yes,0,Not Graduate,no,3493.0,4114.0,158.0,,0.0,Rural,Refused
LP002618,m,Yes,1,Not Graduate,,4298.0,5302.0,139.0,360.0,,Rural,N
LP002586,f,Yes,1,Graduate,,3492.0,913.0,102.0,84.0,1.0,Semiurban,Y
LP002129,m,Yes,0,Graduate,No,2473.0,2458.0,166.0,360.0,1.0,Semiurban,Y
LP001814,m,Yes,2,Graduate,no,9289.0,0.0,114.0,360.0,1.0,Urban,Accepted
LP002533,Male,Yes,2,Graduate,,3011.0,1603.0,,360.0,1.0,,N
LP002345,m,Yes,0,Graduate,false,990.0,2773.0,115.0,360.0,1.0,Rural,Y
LP001702,Male,No,,Graduate,no,3507.0,0.0,128.0,360.0,1.0,Semiurban,N
LP001228,m,No,0,Not Graduate,,3085.0,2254.0,127.0,180.0,0.0,Urban,N
LP001744,m,No,0,,No,2937.0,2791.0,141.0,360.0,1.0,Semiurban,Accepted
LP002393,Female,,,Graduate,No,9167.0,0.0,,240.0,1.0,Semiurban,Y
LP001570,Male,Yes,2,Graduate,,4116.0,1447.0,164.0,360.0,1.0,Rural,Y
LP001041,,Yes,0,,,2546.0,3500.0,116.0,,1.0,Urban,Accepted
LP001086,m,No,0,Not Graduate,false,1456.0,0.0,35.0,360.0,1.0,Urban,Refused
LP001792,Male,Yes,1,Graduate,No,3344.0,0.0,96.0,360.0,1.0,Semiurban,Accepted
LP001091,m,Yes,1,Graduate,,4300.0,3369.0,200.0,360.0,,Urban,Refused
LP001713,Male,Yes,1,Graduate,Yes,7511.0,0.0,238.0,360.0,1.0,Urban,Y
LP002555,Male,Yes,2,Graduate,,4480.0,2083.0,158.0,360.0,1.0,Semiurban,Y
LP002448,Male,Yes,0,Graduate,no,4023.0,1733.0,149.0,360.0,0.0,Rural,N
LP002743,Female,No,0,Graduate,false,2075.0,0.0,97.0,360.0,0.0,Semiurban,N
LP001844,Male,No,0,Graduate,,15460.0,0.0,191.0,360.0,0.0,Urban,N
LP002377,Female,No,1,Graduate,yes,8703.0,0.0,145.0,360.0,1.0,Semiurban,Y
LP002110,m,Yes,1,Graduate,,5788.0,688.0,162.0,360.0,1.0,Rural,Accepted
LP001835,m,Yes,0,Not Graduate,,1814.0,3890.0,197.0,360.0,0.0,Semiurban,Refused
LP002035,m,Yes,,Graduate,no,3792.0,0.0,114.0,360.0,1.0,Semiurban,Accepted
LP002529,m,Yes,2,Graduate,no,6177.0,1750.0,231.0,300.0,1.0,Semiurban,Accepted
LP001875,Male,No,0,Graduate,false,3830.0,3447.0,147.0,360.0,1.0,Rural,Accepted
LP001259,m,Yes,1,,yes,999.0,3022.0,111.0,360.0,1.0,Urban,Refused
LP001964,m,Yes,0,Not Graduate,,1798.0,2934.0,93.0,360.0,0.0,Urban,Refused
LP002443,m,Yes,,,,3113.0,1710.0,148.0,360.0,0.0,Rural,Refused
LP001644,,Yes,0,Graduate,,666.0,5296.0,166.0,360.0,1.0,Rural,Y
LP002928,Male,Yes,0,Graduate,false,2892.0,3416.0,55.0,180.0,1.0,Semiurban,Accepted
LP002734,m,Yes,0,Graduate,no,6271.0,3906.0,319.0,360.0,1.0,Urban,Accepted
LP001144,Male,Yes,0,Graduate,,6146.0,0.0,145.0,360.0,1.0,Urban,Y
LP001265,Female,No,0,Graduate,No,3669.0,0.0,112.0,360.0,1.0,Semiurban,Accepted
LP001580,Male,Yes,2,Graduate,,8007.0,0.0,203.0,360.0,1.0,Semiurban,Y
LP002408,m,No,0,Graduate,No,3857.0,5064.0,184.0,360.0,1.0,Semiurban,Accepted
LP001018,m,Yes,2,Graduate,,4400.0,1526.0,163.0,360.0,1.0,Urban,Accepted
LP002160,Male,Yes,3+,Graduate,false,5564.0,3167.0,200.0,360.0,1.0,Semiurban,Y
LP002731,f,No,0,Not Graduate,,16844.0,0.0,125.0,360.0,1.0,Urban,
LP002209,f,No,0,Graduate,,2702.0,1459.0,117.0,360.0,1.0,Urban,Accepted
LP001954,f,Yes,1,Graduate,false,4725.0,0.0,133.0,360.0,1.0,Urban,Accepted
LP002543,Male,Yes,2,Graduate,No,8073.0,0.0,240.0,360.0,1.0,Semiurban,Y
LP001653,m,,0,Not Graduate,false,5235.0,0.0,49.0,360.0,1.0,Rural,Accepted
LP001095,Male,No,0,Graduate,no,3246.0,0.0,72.0,360.0,1.0,Urban,N
LP002757,f,Yes,0,Not Graduate,false,3079.0,663.0,104.0,360.0,,Semiurban,Y
LP001562,Male,Yes,0,Graduate,,8214.0,0.0,264.0,360.0,1.0,Urban,Refused
LP002281,,Yes,0,Graduate,false,2945.0,1459.0,95.0,360.0,1.0,Urban,Accepted
LP002690,m,No,0,Graduate,No,2471.0,0.0,54.0,360.0,1.0,Semiurban,Accepted
LP002588,Male,Yes,0,,No,5108.0,2857.0,114.0,12.0,,Urban,Y
LP001164,Female,No,0,Graduate,No,4168.0,0.0,112.0,360.0,1.0,Semiurban,Refused
LP002467,Male,Yes,,Graduate,false,3567.0,2569.0,172.0,360.0,1.0,Urban,N
LP002699,Male,Yes,2,Graduate,yes,19178.0,0.0,407.0,360.0,1.0,Rural,Accepted
LP001087,f,No,,Graduate,,3359.0,2083.0,120.0,360.0,1.0,Semiurban,Y
LP002872,,Yes,0,Graduate,,3021.0,2210.0,142.0,360.0,0.0,,N
LP002287,Female,No,0,Graduate,No,1457.0,1800.0,103.0,360.0,0.0,Semiurban,N
LP002798,Male,Yes,0,,false,3674.0,2669.0,158.0,360.0,1.0,Semiurban,Accepted
LP001656,m,No,0,Graduate,,11900.0,0.0,156.0,360.0,1.0,Semiurban,Refused
LP001006,Male,Yes,0,Not Graduate,No,2481.0,2358.0,123.0,360.0,1.0,,Y
LP001233,Male,Yes,,Graduate,,11939.0,0.0,330.0,360.0,1.0,Urban,
LP001931,f,,0,,,3752.0,0.0,114.0,360.0,1.0,Semiurban,Accepted
LP001692,Female,No,0,Not Graduate,No,4427.0,0.0,124.0,360.0,1.0,Semiurban,
LP002082,Male,Yes,0,,,6158.0,2160.0,180.0,360.0,1.0,Semiurban,Accepted
LP001825,Male,Yes,,Graduate,no,1765.0,1868.0,85.0,360.0,1.0,Urban,Y
LP002473,m,Yes,0,Graduate,,8615.0,0.0,151.0,360.0,1.0,Semiurban,Refused
LP002833,m,Yes,0,Not Graduate,false,4415.0,0.0,119.0,360.0,,Rural,Y
LP002926,m,Yes,2,Graduate,Yes,2420.0,0.0,101.0,360.0,0.0,Semiurban,N
LP002370,m,,0,Not Graduate,,2685.0,0.0,59.0,180.0,1.0,Urban,Accepted
LP002622,m,Yes,2,Graduate,,3097.0,4416.0,233.0,360.0,1.0,Rural,Accepted
LP001871,,No,0,Graduate,No,7465.0,0.0,120.0,360.0,1.0,Rural,Y
LP002964,,Yes,2,Not Graduate,no,3613.0,1411.0,157.0,360.0,1.0,Rural,Y
LP002912,m,Yes,1,Graduate,no,4200.0,3000.0,170.0,84.0,1.0,Rural,
LP001657,Male,Yes,0,Not Graduate,false,6181.0,0.0,154.0,360.0,1.0,Urban,N
LP002054,,Yes,2,Not Graduate,no,3384.0,1590.0,,360.0,1.0,Rural,
LP001814,m,Yes,2,Graduate,no,10409.0,0.0,107.0,360.0,1.0,Urban,Accepted
LP002243,Male,Yes,0,Not Graduate,,2937.0,3136.0,,360.0,0.0,,N
LP002898,Male,Yes,1,Graduate,false,1763.0,0.0,61.0,360.0,,Rural,N
LP001798,m,Yes,2,Graduate,No,5972.0,5000.0,121.0,360.0,1.0,Rural,Y
LP001819,Male,Yes,1,Not Graduate,No,6340.0,0.0,138.0,180.0,1.0,Urban,Y
LP002112,m,Yes,2,Graduate,true,2621.0,4600.0,176.0,360.0,1.0,Rural,
LP002364,Male,Yes,0,Graduate,No,14015.0,0.0,103.0,360.0,1.0,Semiurban,Accepted
LP001953,Male,Yes,1,Graduate,false,7048.0,0.0,193.0,360.0,1.0,Semiurban,Accepted
LP001005,Male,Yes,0,Graduate,,2755.0,0.0,66.0,360.0,1.0,Urban,Y
LP001716,m,Yes,0,Graduate,,3150.0,3021.0,131.0,360.0,1.0,Urban,Accepted
LP002778,Male,,2,Graduate,true,6702.0,0.0,,360.0,0.0,Rural,N
LP002502,Female,Yes,2,Not Graduate,,197.0,2917.0,100.0,360.0,1.0,Semiurban,Y
LP002067,m,,1,Graduate,,8100.0,4983.0,385.0,360.0,0.0,Rural,N
LP002390,m,No,0,Graduate,false,4004.0,0.0,99.0,360.0,1.0,Urban,Accepted
LP001008,Male,No,0,Graduate,false,6144.0,0.0,143.0,360.0,1.0,,Accepted
LP002444,Male,No,1,Not Graduate,yes,2882.0,1542.0,186.0,360.0,,Semiurban,N
LP002348,m,Yes,,Graduate,no,5759.0,0.0,137.0,360.0,1.0,Rural,Y
LP002337,Female,No,0,Graduate,false,2804.0,0.0,61.0,360.0,1.0,Urban,Y
LP001732,Male,Yes,2,Graduate,,5341.0,0.0,72.0,360.0,0.0,Semiurban,Refused
LP002103,,Yes,1,,,10470.0,1833.0,181.0,180.0,1.0,Urban,Accepted
LP001116,m,No,0,Not Graduate,,3426.0,1668.0,105.0,360.0,1.0,Semiurban,Y
LP001112,Female,,0,Graduate,no,3909.0,1459.0,147.0,360.0,1.0,Semiurban,Accepted
LP002893,m,No,0,Graduate,No,1776.0,33837.0,89.0,360.0,1.0,Urban,N
LP001784,Male,Yes,1,Graduate,false,5064.0,1260.0,164.0,360.0,1.0,Rural,Y
LP001356,Male,Yes,0,Graduate,,4662.0,3583.0,,360.0,1.0,Semiurban,Accepted
LP001280,Male,Yes,2,Not Graduate,No,3510.0,2000.0,93.0,360.0,,Semiurban,Y
LP001404,f,Yes,0,Graduate,,3088.0,2283.0,152.0,360.0,1.0,Semiurban,Y
LP002131,Male,Yes,2,Not Graduate,No,2828.0,2168.0,121.0,360.0,1.0,Urban,Y
LP002300,Female,No,0,Not Graduate,false,1949.0,0.0,54.0,360.0,1.0,,Y
LP001123,Male,Yes,0,Graduate,false,2256.0,0.0,74.0,360.0,,Urban,Y
LP002366,Male,Yes,0,Graduate,false,2683.0,4300.0,125.0,360.0,1.0,Rural,Accepted
LP001891,Male,Yes,0,Graduate,no,11092.0,0.0,133.0,360.0,1.0,Urban,Accepted
LP001578,,Yes,0,Graduate,No,2660.0,3333.0,133.0,360.0,1.0,Rural,Accepted
LP001275,Male,Yes,1,Graduate,false,3777.0,0.0,51.0,240.0,1.0,Urban,Y
LP002106,Male,Yes,,Graduate,,4894.0,4490.0,71.0,,1.0,,Accepted
LP001357,Male,,,Graduate,,3987.0,754.0,160.0,360.0,1.0,Urban,Accepted
LP002917,f,No,0,Not Graduate,no,2168.0,0.0,70.0,360.0,1.0,Semiurban,Y
LP001888,Female,No,0,Graduate,,3273.0,0.0,29.0,360.0,1.0,Urban,Accepted
LP001431,f,No,0,Graduate,false,2259.0,8980.0,136.0,360.0,0.0,Semiurban,Accepted
LP001528,Male,No,0,Graduate,No,6629.0,0.0,120.0,360.0,0.0,Rural,N
LP002731,f,No,0,Not Graduate,,19605.0,0.0,121.0,360.0,1.0,Urban,
LP002938,m,Yes,0,Graduate,yes,14239.0,0.0,266.0,360.0,1.0,,Accepted
LP001572,,Yes,0,Graduate,,9006.0,0.0,72.0,180.0,1.0,Urban,Accepted
LP001243,m,Yes,0,Graduate,No,3042.0,3066.0,177.0,360.0,1.0,Urban,Accepted
LP001266,m,Yes,,Graduate,,2474.0,0.0,,360.0,1.0,Semiurban,Y
LP001379,Male,Yes,2,Graduate,false,3671.0,3600.0,222.0,360.0,0.0,Urban,N
LP002368,,Yes,2,Graduate,,5942.0,0.0,132.0,360.0,1.0,Semiurban,
LP001106,m,Yes,0,Graduate,,2418.0,2067.0,,360.0,1.0,Urban,Y
LP002101,m,,0,Graduate,,65562.0,0.0,500.0,180.0,1.0,Urban,
LP002347,m,Yes,0,Graduate,false,3388.0,1417.0,136.0,360.0,1.0,Semiurban,Y
LP001318,Male,Yes,2,Graduate,,6460.0,5654.0,187.0,180.0,1.0,Semiurban,Y
LP002370,m,,0,Not Graduate,,2579.0,0.0,57.0,180.0,1.0,Urban,Accepted
LP002255,m,No,3+,Graduate,,8859.0,0.0,199.0,360.0,1.0,Rural,Accepted
LP001870,Female,No,1,Graduate,No,3326.0,0.0,152.0,36.0,1.0,Semiurban,N
LP002201,m,Yes,2,Graduate,yes,9389.0,7873.0,375.0,300.0,1.0,Rural,Y
LP001872,m,No,0,Graduate,true,5232.0,0.0,127.0,360.0,1.0,Semiurban,Accepted
LP002624,m,Yes,,Graduate,no,19899.0,6667.0,483.0,360.0,,Urban,
LP001578,,Yes,0,Graduate,No,2471.0,3333.0,126.0,360.0,1.0,Rural,Accepted
LP001233,Male,Yes,,Graduate,,9959.0,0.0,312.0,360.0,1.0,Urban,
LP001345,Male,Yes,,Not Graduate,no,4164.0,3263.0,134.0,180.0,1.0,Urban,Y
LP002840,Female,No,0,Graduate,false,2218.0,0.0,9.0,360.0,1.0,Urban,Refused
LP001963,Male,Yes,1,Graduate,No,1916.0,2925.0,112.0,360.0,1.0,Urban,N
LP001073,Male,Yes,2,Not Graduate,,3907.0,1040.0,114.0,360.0,1.0,Urban,Y
LP002459,m,Yes,0,Graduate,no,4516.0,0.0,119.0,360.0,1.0,Urban,Accepted
LP002243,Male,Yes,0,Not Graduate,,2935.0,3136.0,,360.0,0.0,,N
LP001996,Male,,0,Graduate,No,20609.0,0.0,460.0,360.0,1.0,Rural,N
LP002379,Male,No,0,Graduate,,7058.0,0.0,105.0,360.0,0.0,Rural,Refused
LP002738,Male,No,2,Graduate,No,3831.0,0.0,104.0,360.0,1.0,Semiurban,Y
LP002328,m,Yes,0,Not Graduate,No,5990.0,0.0,219.0,360.0,0.0,Rural,Refused
LP002643,Male,Yes,2,Graduate,No,3295.0,2035.0,152.0,360.0,1.0,Urban,Y
LP002911,Male,Yes,1,Graduate,false,3221.0,1917.0,143.0,360.0,0.0,Rural,N
LP001109,Male,Yes,0,Graduate,,1859.0,1330.0,98.0,,0.0,Urban,Refused
LP001630,m,No,0,Not Graduate,,2286.0,1451.0,105.0,480.0,0.0,Urban,Refused
LP002403,m,No,0,Graduate,true,10233.0,0.0,191.0,360.0,0.0,Urban,Refused
LP001917,Female,No,0,Graduate,,1709.0,1666.0,54.0,360.0,1.0,Urban,Accepted
LP002571,m,No,0,Not Graduate,,3635.0,0.0,109.0,360.0,1.0,Rural,Y
LP001535,Male,No,0,Graduate,false,3346.0,0.0,48.0,360.0,1.0,Urban,Accepted
LP002305,Female,No,0,Graduate,No,4633.0,0.0,120.0,360.0,1.0,Semiurban,Y
LP002137,Male,Yes,0,Graduate,,6114.0,4583.0,262.0,360.0,,Semiurban,Y
LP001877,Male,Yes,,Graduate,,4885.0,1387.0,157.0,360.0,1.0,Semiurban,Accepted
LP001238,m,Yes,,Not Graduate,,7200.0,0.0,126.0,60.0,1.0,Urban,Y
LP002807,m,Yes,2,Not Graduate,,3874.0,242.0,102.0,360.0,1.0,Semiurban,Accepted
LP002840,Female,No,0,Graduate,false,2346.0,0.0,9.0,360.0,1.0,Urban,Refused
LP001577,f,Yes,0,Graduate,No,4497.0,0.0,115.0,360.0,1.0,Rural,Refused
LP001955,Female,No,0,Graduate,no,4841.0,2541.0,150.0,480.0,1.0,,
LP002753,f,No,1,Graduate,,3896.0,0.0,94.0,360.0,1.0,Semiurban,Y
LP002953,m,Yes,3+,Graduate,false,5623.0,0.0,129.0,360.0,1.0,Urban,Accepted
LP002139,m,Yes,0,Graduate,No,8275.0,0.0,220.0,360.0,1.0,Semiurban,Y
LP001641,Male,Yes,1,Graduate,yes,1987.0,0.0,63.0,300.0,0.0,Rural,N
LP002114,Female,,0,Graduate,No,4093.0,0.0,70.0,360.0,1.0,Semiurban,Y
LP001843,Male,Yes,1,Not Graduate,no,2808.0,7101.0,306.0,180.0,1.0,Semiurban,Accepted
LP001844,Male,No,0,Graduate,,16487.0,0.0,190.0,360.0,0.0,Urban,N
LP002556,Male,No,0,Graduate,,2330.0,0.0,75.0,360.0,1.0,Urban,N
LP002582,Female,No,0,Not Graduate,true,17748.0,0.0,230.0,360.0,1.0,Semiurban,Accepted
LP001439,m,Yes,0,,false,4770.0,2014.0,200.0,360.0,1.0,Rural,Y
LP001325,m,No,0,Not Graduate,No,3342.0,0.0,23.0,120.0,1.0,Semiurban,Accepted
LP002547,m,Yes,1,Graduate,No,18876.0,0.0,503.0,360.0,1.0,Urban,N
LP002840,Female,No,0,Graduate,false,2605.0,0.0,9.0,360.0,1.0,Urban,Refused
LP001914,m,Yes,0,Graduate,false,3892.0,800.0,111.0,360.0,1.0,Semiurban,Accepted
LP001790,f,No,1,Graduate,false,4189.0,0.0,110.0,360.0,1.0,Rural,Accepted
LP002175,m,Yes,0,Graduate,no,4786.0,2333.0,128.0,360.0,1.0,Urban,Y
LP001677,Male,No,2,Graduate,No,5090.0,0.0,166.0,360.0,0.0,Semiurban,Y
LP001647,Male,Yes,0,Graduate,No,8322.0,0.0,185.0,180.0,1.0,Rural,Y
LP001658,Male,No,0,Graduate,,3482.0,0.0,78.0,360.0,1.0,Semiurban,Accepted
LP002732,m,No,,Not Graduate,,2558.0,2042.0,126.0,360.0,1.0,Rural,Y
LP002534,f,No,0,Not Graduate,,4539.0,0.0,160.0,360.0,1.0,Rural,Accepted
LP001974,Female,No,0,Graduate,No,5201.0,0.0,133.0,360.0,1.0,Rural,Accepted
LP001518,m,Yes,1,Graduate,,1434.0,1425.0,30.0,360.0,1.0,Urban,
LP001664,m,No,0,Graduate,false,4299.0,0.0,118.0,360.0,1.0,Rural,Accepted
LP001439,m,Yes,0,,false,4168.0,2014.0,186.0,360.0,1.0,Rural,Y
LP002484,m,Yes,3+,Graduate,No,7429.0,0.0,127.0,180.0,1.0,Urban,Accepted
LP002288,m,Yes,2,,no,2875.0,0.0,45.0,180.0,0.0,,N
LP002297,m,No,0,Graduate,,2263.0,20000.0,104.0,360.0,1.0,Semiurban,Y
LP002050,m,Yes,1,Graduate,true,10180.0,0.0,154.0,360.0,1.0,,
LP002211,m,Yes,0,Graduate,No,4810.0,923.0,121.0,180.0,1.0,Urban,Accepted
LP001050,,Yes,2,Not Graduate,false,3214.0,1917.0,109.0,360.0,0.0,Rural,N
LP002002,f,No,0,Graduate,false,2873.0,0.0,83.0,360.0,1.0,Semiurban,Accepted
LP002236,Male,Yes,2,Graduate,No,4901.0,0.0,103.0,360.0,1.0,Urban,Refused
LP002729,Male,No,1,Graduate,No,10553.0,0.0,190.0,360.0,,Semiurban,N
LP001603,m,Yes,0,Not Graduate,true,4702.0,736.0,88.0,360.0,1.0,,N
LP001024,,Yes,2,Graduate,,3196.0,700.0,70.0,360.0,1.0,Urban,Accepted
LP001606,,Yes,0,Graduate,,3367.0,1964.0,113.0,360.0,1.0,Rural,Accepted
LP001289,Male,No,0,Graduate,false,8526.0,0.0,210.0,360.0,1.0,Urban,Accepted
LP002447,m,Yes,2,,,2008.0,1456.0,57.0,300.0,,Urban,Accepted
LP002948,Male,Yes,,Graduate,No,6210.0,0.0,192.0,360.0,1.0,Urban,Accepted
LP001013,,Yes,0,Not Graduate,,2166.0,1516.0,97.0,360.0,1.0,Urban,Accepted
LP002821,m,No,0,Not Graduate,,5814.0,0.0,127.0,360.0,1.0,Semiurban,Accepted
LP001469,m,No,0,Graduate,yes,18398.0,0.0,645.0,480.0,,Urban,Accepted
LP002670,f,Yes,2,Graduate,No,2019.0,1632.0,111.0,480.0,1.0,Semiurban,Y
LP002126,Male,Yes,3+,Not Graduate,no,3148.0,0.0,73.0,360.0,1.0,Semiurban,Accepted
LP001574,Male,Yes,0,Graduate,false,3461.0,3166.0,176.0,,1.0,Rural,Y
LP002229,m,No,0,,No,5907.0,4232.0,298.0,360.0,1.0,Semiurban,Accepted
LP001131,Male,Yes,,Graduate,No,4219.0,2336.0,129.0,360.0,1.0,Semiurban,Accepted
LP001720,m,Yes,3+,Not Graduate,false,3933.0,983.0,99.0,360.0,1.0,Semiurban,Y
LP002723,m,No,2,Graduate,No,3626.0,0.0,109.0,360.0,0.0,Rural,N
LP001273,m,Yes,0,Graduate,false,5754.0,2250.0,269.0,360.0,,Semiurban,Refused
LP002191,,Yes,0,Graduate,,19693.0,5266.0,578.0,360.0,1.0,Rural,Refused
LP001014,Male,Yes,3+,Graduate,no,3212.0,2504.0,165.0,360.0,0.0,Semiurban,N
LP001498,m,No,0,Graduate,no,5557.0,0.0,174.0,360.0,1.0,Urban,Accepted
LP001673,Male,No,0,Graduate,yes,10158.0,0.0,82.0,360.0,1.0,,Refused
LP001516,f,Yes,2,Graduate,false,13865.0,0.0,68.0,360.0,1.0,Urban,Accepted
LP001864,Male,Yes,3+,Not Graduate,,4756.0,0.0,134.0,360.0,,Semiurban,Refused
LP001653,m,,0,Not Graduate,false,5475.0,0.0,48.0,360.0,1.0,Rural,Accepted
LP001925,,No,0,Graduate,yes,2712.0,1717.0,102.0,300.0,1.0,Semiurban,N
LP001585,,Yes,3+,Graduate,No,52261.0,0.0,712.0,300.0,1.0,Urban,Accepted
LP002250,Male,Yes,0,Graduate,No,5609.0,0.0,119.0,360.0,1.0,Rural,
LP001279,m,No,0,Graduate,,2120.0,2531.0,133.0,360.0,1.0,Semiurban,Accepted
LP002706,m,Yes,1,Not Graduate,,5426.0,1430.0,167.0,360.0,0.0,,Accepted
LP002788,m,Yes,0,Not Graduate,,2518.0,2333.0,192.0,360.0,0.0,Urban,N
LP002422,Male,No,1,Graduate,no,37629.0,0.0,155.0,360.0,1.0,Semiurban,Accepted
LP001370,Male,No,0,Not Graduate,,7573.0,0.0,117.0,360.0,1.0,Rural,N
LP002409,m,Yes,0,Graduate,false,7748.0,1833.0,176.0,360.0,1.0,Rural,Accepted
LP001043,Male,Yes,0,Not Graduate,no,7544.0,0.0,107.0,360.0,0.0,Urban,Refused
LP001993,Female,No,0,Graduate,No,3812.0,1666.0,135.0,360.0,1.0,Rural,Accepted
LP001633,Male,Yes,1,Graduate,,5883.0,7250.0,186.0,360.0,0.0,Urban,N
LP002097,Male,No,1,Graduate,false,4562.0,1793.0,115.0,360.0,1.0,Urban,Y
LP002262,,Yes,3+,Graduate,,9097.0,0.0,289.0,360.0,1.0,Rural,Y
LP002936,Male,,0,Graduate,No,3691.0,3300.0,145.0,180.0,1.0,Rural,Accepted
LP001637,Male,Yes,1,Graduate,No,35156.0,0.0,257.0,360.0,1.0,Semiurban,N
LP001426,Male,Yes,,Graduate,No,5648.0,2667.0,183.0,360.0,1.0,Rural,Y
LP002602,m,No,0,Graduate,false,6439.0,4416.0,206.0,360.0,0.0,Rural,Refused
LP001034,Male,No,1,Not Graduate,no,3934.0,0.0,102.0,240.0,,Urban,Accepted
LP002449,Male,Yes,0,Graduate,false,2386.0,2466.0,88.0,180.0,0.0,Rural,Y
LP002435,m,Yes,0,Graduate,,3367.0,1376.0,54.0,360.0,1.0,Rural,Refused
LP002151,Male,Yes,1,Graduate,false,3643.0,0.0,67.0,360.0,1.0,,Refused
LP002429,m,Yes,1,Graduate,true,3086.0,1210.0,135.0,360.0,1.0,Rural,Accepted
LP001207,Male,Yes,0,Not Graduate,yes,2697.0,3449.0,163.0,180.0,0.0,Rural,N
LP001949,,Yes,3+,Graduate,,4323.0,1250.0,108.0,360.0,1.0,Urban,Y
LP002031,Male,Yes,1,Not Graduate,no,3609.0,1640.0,112.0,180.0,1.0,Urban,Y
LP001507,m,Yes,0,Graduate,,2586.0,2034.0,120.0,360.0,1.0,Semiurban,
LP001994,f,No,0,Graduate,,2237.0,1863.0,100.0,360.0,0.0,Urban,N
LP001449,m,No,,Graduate,,4091.0,1640.0,,360.0,1.0,Rural,Y
LP001119,m,No,0,Graduate,,3689.0,0.0,78.0,360.0,1.0,Urban,Refused
LP002652,Male,No,0,Graduate,,5549.0,3666.0,304.0,360.0,1.0,Rural,N
LP001541,m,Yes,1,,false,6040.0,0.0,163.0,360.0,,Rural,Y
LP002263,Male,Yes,0,Graduate,false,2596.0,2115.0,118.0,360.0,,Urban,Y
LP001041,,Yes,0,,,2671.0,3500.0,113.0,,1.0,Urban,Accepted
LP002739,Male,Yes,0,Not Graduate,false,2919.0,536.0,67.0,360.0,1.0,Rural,N
LP002541,Male,Yes,0,Graduate,false,11460.0,0.0,236.0,360.0,1.0,Semiurban,Accepted
LP001136,Male,Yes,0,Not Graduate,,4519.0,0.0,94.0,,1.0,Urban,Y
LP001316,m,Yes,0,Graduate,no,3020.0,2900.0,128.0,360.0,1.0,Semiurban,Accepted
LP001263,m,Yes,3+,Graduate,No,3185.0,4000.0,183.0,300.0,0.0,,N
LP001482,Male,Yes,0,Graduate,yes,3701.0,0.0,25.0,120.0,1.0,,Y
LP001248,Male,No,0,Graduate,No,3705.0,0.0,83.0,300.0,1.0,Semiurban,Accepted
LP001253,m,Yes,3+,Graduate,Yes,5171.0,1774.0,189.0,360.0,1.0,Semiurban,Y
LP001531,m,No,,Graduate,No,9536.0,0.0,247.0,360.0,1.0,Urban,N
LP002682,Male,Yes,,Not Graduate,,3060.0,1800.0,126.0,360.0,0.0,Semiurban,
LP002024,,Yes,0,Graduate,No,2497.0,1843.0,166.0,360.0,1.0,Rural,Refused
LP002524,m,No,2,Graduate,false,5171.0,4648.0,174.0,360.0,1.0,Rural,Accepted
LP001708,Female,No,0,Graduate,,9445.0,0.0,211.0,360.0,1.0,Semiurban,N
LP001228,m,No,0,Not Graduate,,3157.0,2254.0,127.0,180.0,0.0,Urban,N
LP002390,m,No,0,Graduate,false,3839.0,0.0,104.0,360.0,1.0,Urban,Accepted
LP002116,Female,No,0,Graduate,,2362.0,0.0,46.0,360.0,1.0,Rural,Refused
LP001114,Male,No,0,Graduate,false,4305.0,7210.0,193.0,360.0,1.0,Urban,Accepted
LP002137,Male,Yes,0,Graduate,,6432.0,4583.0,253.0,360.0,,Semiurban,Y
LP001908,,Yes,0,Not Graduate,false,4370.0,0.0,121.0,360.0,,Rural,Accepted
LP002493,Male,No,0,Graduate,,4361.0,0.0,93.0,360.0,0.0,,Refused
LP001197,m,Yes,0,Graduate,,3535.0,2200.0,135.0,360.0,1.0,,N
LP001322,m,No,0,Graduate,false,3955.0,0.0,125.0,360.0,1.0,Semiurban,Accepted
LP001322,m,No,0,Graduate,false,4259.0,0.0,120.0,360.0,1.0,Semiurban,Accepted
LP002832,m,Yes,2,Graduate,,8493.0,0.0,258.0,360.0,0.0,Urban,N
LP001806,m,No,0,,No,2985.0,5701.0,148.0,60.0,1.0,Urban,Y
LP002741,Female,Yes,1,Graduate,,4719.0,2845.0,140.0,180.0,1.0,,Y
LP001854,Male,Yes,3+,Graduate,no,5327.0,0.0,96.0,360.0,1.0,Urban,Refused
LP002606,f,No,0,Graduate,No,3221.0,0.0,100.0,360.0,1.0,Semiurban,Y
LP002916,m,Yes,0,Graduate,false,2390.0,1522.0,103.0,360.0,1.0,Urban,Accepted
LP001529,,Yes,0,Graduate,true,2417.0,3750.0,153.0,360.0,1.0,Rural,Y
LP002619,Male,Yes,0,Not Graduate,no,4041.0,1483.0,125.0,300.0,1.0,Semiurban,Accepted
LP001186,Female,Yes,1,Graduate,true,11908.0,0.0,285.0,360.0,0.0,Urban,N
LP001926,Male,Yes,0,Graduate,No,3746.0,2000.0,121.0,360.0,1.0,Rural,Accepted
LP001520,m,Yes,0,Graduate,No,4796.0,830.0,124.0,360.0,1.0,Semiurban,
LP001674,m,Yes,1,Not Graduate,,2763.0,2500.0,91.0,360.0,1.0,Semiurban,Accepted
LP002634,Female,No,1,Graduate,no,13923.0,0.0,40.0,360.0,1.0,Urban,Y
LP001972,Male,Yes,,Not Graduate,false,2906.0,1750.0,105.0,360.0,1.0,Semiurban,Accepted
LP002958,m,No,0,Graduate,no,4067.0,4301.0,170.0,360.0,1.0,Rural,Y
LP001813,Male,No,0,Graduate,true,5952.0,4333.0,119.0,180.0,1.0,Urban,Refused
LP002116,Female,No,0,Graduate,,2447.0,0.0,44.0,360.0,1.0,Rural,Refused
LP001421,Male,Yes,0,Graduate,false,5451.0,2142.0,174.0,360.0,1.0,Rural,N
LP002130,m,Yes,,Not Graduate,,3785.0,3230.0,148.0,360.0,0.0,Rural,
LP001497,Male,Yes,2,Graduate,no,5110.0,2083.0,190.0,360.0,1.0,Rural,Refused
LP002161,f,,1,Graduate,No,4625.0,0.0,81.0,360.0,1.0,,Refused
LP002772,m,No,0,Graduate,false,2538.0,1783.0,140.0,360.0,1.0,Rural,Y
LP002446,Male,Yes,2,,No,2333.0,1255.0,119.0,360.0,0.0,Rural,N
LP001398,m,,0,Graduate,,4900.0,0.0,118.0,360.0,1.0,Semiurban,Accepted
LP002008,m,Yes,2,Graduate,Yes,6207.0,0.0,145.0,84.0,,,Accepted
LP001029,Male,No,0,Graduate,No,1882.0,2840.0,113.0,360.0,1.0,Rural,Refused
LP002335,Female,Yes,0,Not Graduate,false,2303.0,3237.0,187.0,360.0,0.0,Semiurban,Refused
LP002142,f,Yes,0,Graduate,true,5803.0,0.0,106.0,360.0,0.0,Rural,Refused
LP001940,m,Yes,2,Graduate,No,3103.0,1560.0,133.0,360.0,1.0,Urban,Y
LP002767,m,Yes,0,Graduate,,2506.0,1950.0,156.0,360.0,1.0,Rural,Y
LP001977,Male,Yes,1,Graduate,false,1545.0,1803.0,97.0,360.0,1.0,Urban,Accepted
LP002545,,No,2,Graduate,no,3608.0,0.0,82.0,360.0,0.0,Rural,N
LP002191,,Yes,0,Graduate,,19130.0,5266.0,554.0,360.0,1.0,Rural,Refused
LP002874,Male,No,0,Graduate,false,3222.0,2739.0,113.0,360.0,1.0,Urban,Y
LP001282,Male,Yes,0,Graduate,,2486.0,2118.0,103.0,360.0,1.0,Semiurban,Y
LP002219,m,Yes,3+,Graduate,false,8538.0,4996.0,129.0,360.0,1.0,Rural,Y
LP002149,Male,Yes,2,Graduate,,8533.0,3167.0,164.0,360.0,1.0,Rural,Y
LP002537,Male,Yes,0,Graduate,No,2083.0,3150.0,131.0,360.0,1.0,Semiurban,Y
LP002447,m,Yes,2,,,1998.0,1456.0,62.0,300.0,,Urban,Accepted
LP001404,f,Yes,0,Graduate,,3242.0,2283.0,157.0,360.0,1.0,Semiurban,Y
LP002369,Male,Yes,,Graduate,,2915.0,16.12000084,89.0,360.0,1.0,Rural,Y
LP001100,Male,No,3+,Graduate,No,12185.0,3000.0,332.0,360.0,1.0,Rural,Refused
LP002266,Male,Yes,2,Graduate,no,3096.0,1400.0,114.0,360.0,1.0,Urban,Y
LP001560,Male,Yes,0,Not Graduate,false,1997.0,1041.0,99.0,360.0,1.0,Semiurban,Y
LP002603,f,No,,Graduate,,648.0,3683.0,115.0,480.0,1.0,Rural,Accepted
LP001900,Male,Yes,1,Graduate,No,2740.0,1842.0,111.0,360.0,1.0,,Y
LP001688,m,Yes,,Not Graduate,no,3546.0,1083.0,136.0,360.0,1.0,Urban,Y
LP002961,Male,Yes,1,Graduate,no,3351.0,2500.0,180.0,360.0,1.0,Semiurban,
LP002170,Male,Yes,2,Graduate,,4772.0,3667.0,232.0,360.0,1.0,Semiurban,Y
LP002272,m,Yes,2,Graduate,,2965.0,484.0,133.0,360.0,,Semiurban,Y
LP002098,m,,0,Graduate,no,3004.0,0.0,97.0,360.0,1.0,Semiurban,Accepted
LP002804,Female,Yes,0,Graduate,,4406.0,2306.0,181.0,360.0,1.0,Semiurban,Accepted
LP002527,Male,Yes,2,Graduate,,17957.0,1014.0,147.0,360.0,1.0,Rural,Y
LP001030,m,Yes,2,Graduate,,1277.0,1086.0,17.0,120.0,1.0,Urban,Accepted
LP002862,Male,Yes,2,,,6299.0,1625.0,187.0,480.0,1.0,Semiurban,N
LP002842,Male,Yes,1,Graduate,,3447.0,1750.0,185.0,360.0,1.0,Urban,Y
LP002505,m,Yes,0,Graduate,,4062.0,2451.0,109.0,360.0,1.0,Urban,Refused
LP002143,f,Yes,0,Graduate,false,2271.0,505.0,128.0,360.0,1.0,Semiurban,Accepted
LP002043,Female,No,,Graduate,No,3663.0,0.0,111.0,360.0,,,Accepted
LP001492,m,,0,Graduate,No,16155.0,0.0,248.0,360.0,0.0,Semiurban,N
LP001259,m,Yes,1,,yes,984.0,3022.0,113.0,360.0,1.0,Urban,Refused
LP001788,Female,No,0,Graduate,Yes,3546.0,0.0,126.0,360.0,,Urban,
LP002158,Male,Yes,0,,No,3334.0,1666.0,97.0,480.0,0.0,Urban,Refused
LP001052,Male,Yes,1,Graduate,,3873.0,2925.0,151.0,360.0,,Semiurban,N
LP001786,m,Yes,0,Graduate,,5956.0,0.0,260.0,360.0,,Urban,Refused
LP001807,,Yes,2,Graduate,yes,6396.0,1300.0,108.0,360.0,1.0,Rural,Y
LP002959,f,Yes,1,Graduate,,11890.0,0.0,492.0,360.0,1.0,Semiurban,Accepted
LP001109,Male,Yes,0,Graduate,,1974.0,1330.0,100.0,,0.0,Urban,Refused
LP001903,m,Yes,0,Graduate,false,4156.0,3274.0,204.0,360.0,1.0,Semiurban,Y
LP001711,,Yes,,Graduate,,3731.0,1250.0,129.0,360.0,0.0,Semiurban,Refused
LP001699,Male,No,0,Graduate,,2311.0,0.0,56.0,360.0,1.0,,Accepted
LP002990,Female,No,0,Graduate,Yes,4786.0,0.0,136.0,360.0,0.0,Semiurban,Refused
LP001894,Male,Yes,0,Graduate,no,2354.0,2223.0,149.0,360.0,1.0,Semiurban,Accepted
LP001367,m,Yes,1,Graduate,no,3017.0,1030.0,103.0,360.0,1.0,Urban,Y
LP002054,,Yes,2,Not Graduate,no,3655.0,1590.0,,360.0,1.0,Rural,
LP001935,m,No,0,Graduate,false,10120.0,0.0,181.0,360.0,1.0,Rural,Y
LP002281,,Yes,0,Graduate,false,3326.0,1459.0,95.0,360.0,1.0,Urban,Accepted
LP001350,Male,Yes,,,No,14746.0,0.0,,360.0,1.0,Urban,Y
LP001385,m,No,0,Graduate,,5448.0,0.0,135.0,360.0,1.0,Urban,Y
LP002178,Male,Yes,0,Graduate,No,2868.0,3033.0,94.0,300.0,,Urban,Accepted
LP002209,f,No,0,Graduate,,2739.0,1459.0,114.0,360.0,1.0,Urban,Accepted
LP002941,m,Yes,2,Not Graduate,Yes,6277.0,1000.0,179.0,360.0,1.0,Rural,N
LP001760,Male,,,Graduate,no,4705.0,0.0,151.0,480.0,1.0,Semiurban,Y
LP002194,Female,No,0,Graduate,Yes,16476.0,0.0,56.0,360.0,1.0,Semiurban,Y
LP001225,Male,Yes,0,Graduate,,5675.0,4595.0,249.0,360.0,1.0,Semiurban,N
LP002847,m,Yes,,Graduate,no,5059.0,1451.0,164.0,360.0,0.0,Urban,Refused
LP002332,Male,Yes,0,Not Graduate,,2197.0,2033.0,104.0,360.0,1.0,Rural,Y
LP002087,Female,No,0,Graduate,false,2683.0,0.0,69.0,360.0,1.0,Urban,Y
LP001267,Female,Yes,2,Graduate,,1300.0,1881.0,167.0,360.0,1.0,Urban,N
LP001715,m,Yes,3+,Not Graduate,,5842.0,0.0,129.0,360.0,1.0,Rural,
LP002223,m,,0,Graduate,,4383.0,0.0,128.0,360.0,,Semiurban,Y
LP002933,,No,3+,Graduate,true,9440.0,0.0,293.0,360.0,1.0,Semiurban,Accepted
LP001120,m,No,,Graduate,false,1780.0,1213.0,46.0,360.0,1.0,Urban,
LP002065,m,Yes,3+,Graduate,,14288.0,0.0,303.0,360.0,1.0,Rural,Accepted
LP002807,m,Yes,2,Not Graduate,,3493.0,242.0,107.0,360.0,1.0,Semiurban,Accepted
LP002877,m,Yes,1,Graduate,No,1676.0,2232.0,108.0,360.0,1.0,Rural,Y
LP001198,m,Yes,1,Graduate,No,7865.0,2250.0,185.0,360.0,1.0,Urban,Y
LP002362,Male,Yes,1,Graduate,false,6791.0,1667.0,103.0,,0.0,Urban,Refused
LP001768,Male,Yes,0,,,3928.0,0.0,41.0,180.0,1.0,Rural,Y
LP001369,m,Yes,2,Graduate,,11575.0,1126.0,217.0,360.0,1.0,Urban,Accepted
LP001443,Female,No,0,Graduate,no,3979.0,0.0,93.0,360.0,,Rural,Y
LP002315,m,Yes,1,Graduate,false,8651.0,0.0,145.0,300.0,0.0,Semiurban,N
LP001487,Male,No,0,,no,5436.0,0.0,110.0,360.0,1.0,Semiurban,Y
LP002637,m,No,0,Not Graduate,,3619.0,1287.0,98.0,360.0,1.0,Rural,Refused
LP002277,f,No,0,Graduate,false,3499.0,0.0,69.0,360.0,0.0,Urban,N
LP002128,Male,Yes,,Graduate,,2444.0,2330.0,118.0,360.0,1.0,Rural,Y
LP001883,f,,0,Graduate,,3520.0,0.0,134.0,360.0,1.0,Rural,
LP002587,Male,Yes,0,Not Graduate,,2612.0,1700.0,106.0,360.0,1.0,Rural,Accepted
LP002626,,Yes,0,,Yes,2658.0,3013.0,190.0,360.0,1.0,Urban,Accepted
LP002082,Male,Yes,0,,,5894.0,2160.0,187.0,360.0,1.0,Semiurban,Accepted
LP001716,m,Yes,0,Graduate,,3310.0,3021.0,130.0,360.0,1.0,Urban,Accepted
LP002472,Male,No,2,Graduate,false,4744.0,0.0,131.0,360.0,1.0,Rural,
LP002443,m,Yes,,,,3448.0,1710.0,148.0,360.0,0.0,Rural,Refused
LP002716,Male,No,0,Not Graduate,No,6960.0,0.0,134.0,360.0,1.0,Semiurban,Y
LP002807,m,Yes,2,Not Graduate,,3818.0,242.0,108.0,360.0,1.0,Semiurban,Accepted
LP002119,m,Yes,1,Not Graduate,,4622.0,1229.0,157.0,360.0,1.0,Urban,
LP002262,,Yes,3+,Graduate,,9410.0,0.0,277.0,360.0,1.0,Rural,Y
LP001630,m,No,0,Not Graduate,,2378.0,1451.0,98.0,480.0,0.0,Urban,Refused
LP001915,Male,Yes,2,Graduate,no,2235.0,985.7999878,77.0,180.0,1.0,,Y
LP001422,Female,No,0,Graduate,,10650.0,0.0,262.0,360.0,1.0,Urban,Accepted
LP001020,Male,Yes,1,Graduate,,12854.0,10968.0,335.0,360.0,1.0,Semiurban,
LP002777,Male,Yes,0,Graduate,No,2609.0,2016.0,111.0,360.0,1.0,Rural,Accepted
LP001586,Male,Yes,3+,Not Graduate,No,3546.0,0.0,79.0,180.0,1.0,,N
LP001546,Male,No,,Graduate,,2913.0,2083.0,119.0,360.0,1.0,Rural,Accepted
LP002335,Female,Yes,0,Not Graduate,false,2032.0,3237.0,171.0,360.0,0.0,Semiurban,Refused
LP002530,,Yes,2,Graduate,false,2705.0,1872.0,134.0,360.0,0.0,Semiurban,Refused
LP001013,,Yes,0,Not Graduate,,2348.0,1516.0,97.0,360.0,1.0,Urban,Accepted
LP001630,m,No,0,Not Graduate,,2328.0,1451.0,99.0,480.0,0.0,Urban,Refused
LP002785,m,Yes,1,Graduate,no,3294.0,3250.0,152.0,360.0,1.0,Urban,Accepted
LP001936,m,Yes,0,Graduate,false,2858.0,2416.0,136.0,360.0,1.0,Rural,Accepted
LP001003,Male,Yes,1,Graduate,false,4517.0,1508.0,127.0,360.0,1.0,Rural,N
LP002888,m,No,0,Graduate,,3302.0,2917.0,156.0,360.0,1.0,Urban,Y
LP002315,m,Yes,1,Graduate,false,7422.0,0.0,156.0,300.0,0.0,Semiurban,N
LP002943,Male,No,,Graduate,false,2987.0,0.0,88.0,360.0,0.0,Semiurban,Refused
LP002284,m,No,0,Not Graduate,false,3755.0,1666.0,110.0,360.0,1.0,Rural,Accepted
LP002841,Male,Yes,0,Graduate,,2940.0,2064.0,102.0,360.0,0.0,Urban,Refused
LP001931,f,,0,,,3882.0,0.0,120.0,360.0,1.0,Semiurban,Accepted
LP002625,,No,0,Graduate,No,3391.0,0.0,97.0,360.0,1.0,Urban,Refused
LP002119,m,Yes,1,Not Graduate,,5189.0,1229.0,162.0,360.0,1.0,Urban,
LP002006,Female,No,0,Graduate,No,2464.0,0.0,56.0,360.0,1.0,Rural,Y
LP002205,m,No,1,Graduate,no,2829.0,1987.0,113.0,180.0,0.0,Urban,Refused
LP002318,f,No,1,Not Graduate,true,3836.0,0.0,66.0,360.0,1.0,Semiurban,N
LP001594,m,Yes,0,Graduate,no,5681.0,5625.0,178.0,360.0,1.0,Semiurban,Y
LP001865,Male,Yes,1,Graduate,No,6021.0,4250.0,327.0,360.0,,Urban,Y
LP002717,m,Yes,0,Graduate,no,1082.0,5500.0,215.0,360.0,,Rural,Accepted
LP001250,Male,Yes,3+,Not Graduate,,5151.0,0.0,99.0,,0.0,Semiurban,N
LP002424,Male,Yes,0,Graduate,No,7095.0,8333.0,180.0,300.0,,Rural,Accepted
LP002478,,Yes,0,Graduate,,2272.0,4083.0,163.0,360.0,,Semiurban,
LP001636,m,Yes,0,Graduate,false,4494.0,0.0,73.0,180.0,1.0,Semiurban,Y
LP001206,,Yes,3+,,,3078.0,0.0,95.0,360.0,1.0,Urban,Y
LP001639,Female,Yes,0,Graduate,no,4003.0,0.0,109.0,360.0,1.0,Semiurban,Y
LP001097,Male,No,1,Graduate,true,4889.0,0.0,112.0,360.0,1.0,Rural,N
LP002615,Male,Yes,2,Graduate,No,5063.0,5624.0,213.0,360.0,1.0,Semiurban,Y
LP002342,Male,,2,Graduate,,1698.0,20000.0,247.0,360.0,1.0,Urban,Refused
LP001978,Male,No,0,Graduate,false,3874.0,2500.0,141.0,360.0,1.0,Rural,Y
LP002949,Female,No,3+,Graduate,,464.0,41667.0,350.0,180.0,,Urban,N
LP002522,f,No,0,Graduate,,2269.0,0.0,92.0,360.0,,Urban,Y
LP001086,m,No,0,Not Graduate,false,1446.0,0.0,36.0,360.0,1.0,Urban,Refused
LP001691,m,Yes,2,Not Graduate,No,3811.0,0.0,125.0,360.0,1.0,Semiurban,Y
LP002188,Male,No,,,false,4763.0,0.0,123.0,,0.0,Rural,N
LP002197,Male,Yes,2,Graduate,no,5521.0,0.0,155.0,360.0,1.0,Semiurban,Accepted
LP002115,m,Yes,3+,Not Graduate,no,2758.0,1587.0,169.0,360.0,1.0,Rural,Refused
LP001131,Male,Yes,,Graduate,No,3580.0,2336.0,137.0,360.0,1.0,Semiurban,Accepted
LP002626,,Yes,0,,Yes,2528.0,3013.0,188.0,360.0,1.0,Urban,Accepted
LP001671,,Yes,0,Graduate,false,3226.0,2816.0,110.0,360.0,,Semiurban,Accepted
LP002401,Male,Yes,0,Graduate,false,2241.0,1125.0,,360.0,1.0,Urban,Y
LP001279,m,No,0,Graduate,,2313.0,2531.0,137.0,360.0,1.0,Semiurban,Accepted
LP001327,f,Yes,0,Graduate,No,2312.0,2302.0,136.0,360.0,1.0,Semiurban,Y
LP002784,m,Yes,1,Not Graduate,false,2460.0,2375.0,,360.0,1.0,Rural,Y
LP002489,,No,1,Not Graduate,,5224.0,0.0,136.0,360.0,1.0,Semiurban,Y
LP001316,m,Yes,0,Graduate,no,2827.0,2900.0,131.0,360.0,1.0,Semiurban,Accepted
LP002894,f,Yes,0,Graduate,,3218.0,0.0,38.0,360.0,1.0,Semiurban,Accepted
LP002587,Male,Yes,0,Not Graduate,,2584.0,1700.0,110.0,360.0,1.0,Rural,Accepted
LP002255,m,No,3+,Graduate,,8864.0,0.0,184.0,360.0,1.0,Rural,Accepted
LP002141,m,Yes,3+,Graduate,false,2610.0,2083.0,98.0,360.0,1.0,Rural,Accepted
LP001699,Male,No,0,Graduate,,2403.0,0.0,57.0,360.0,1.0,,Accepted
LP001744,m,No,0,,No,3169.0,2791.0,147.0,360.0,1.0,Semiurban,Accepted
LP002692,m,Yes,3+,Graduate,yes,5888.0,1424.0,96.0,360.0,1.0,Rural,Accepted
LP002068,Male,No,0,,No,4919.0,0.0,132.0,360.0,0.0,Rural,Y
LP002837,Male,Yes,3+,Graduate,No,3144.0,2500.0,122.0,360.0,0.0,Rural,N
LP001924,m,No,0,Graduate,No,3272.0,3053.0,92.0,360.0,1.0,Rural,Y
LP002692,m,Yes,3+,Graduate,yes,5800.0,1424.0,102.0,360.0,1.0,Rural,Accepted
LP001846,Female,No,3+,Graduate,,3308.0,0.0,257.0,360.0,1.0,Rural,Y
LP002398,Male,No,0,Graduate,,1822.0,1851.0,48.0,360.0,1.0,Semiurban,Y
LP002341,Female,No,1,Graduate,,2803.0,0.0,164.0,360.0,1.0,Urban,N
LP001478,m,No,0,Graduate,,2759.0,0.0,69.0,360.0,1.0,Semiurban,Y
LP001665,m,Yes,1,Graduate,false,3042.0,2583.0,164.0,360.0,1.0,Semiurban,Refused
LP002224,m,No,0,Graduate,false,2894.0,0.0,71.0,480.0,1.0,Urban,
LP002403,m,No,0,Graduate,true,10103.0,0.0,197.0,360.0,0.0,Urban,Refused
LP002792,Male,Yes,1,Graduate,No,5318.0,1032.0,27.0,360.0,1.0,Semiurban,Accepted
LP001754,,Yes,,Not Graduate,Yes,4745.0,0.0,142.0,360.0,1.0,Urban,Refused
LP002536,m,,3+,Not Graduate,false,2872.0,0.0,116.0,360.0,1.0,Rural,
LP002181,m,No,0,Not Graduate,false,5908.0,0.0,135.0,360.0,1.0,Rural,N
LP001002,m,No,0,Graduate,,6164.0,0.0,,360.0,1.0,Urban,Accepted
LP001199,Male,Yes,2,Not Graduate,,3088.0,2859.0,144.0,360.0,1.0,Urban,Accepted
LP002234,Male,No,0,Graduate,true,7267.0,0.0,133.0,360.0,1.0,Urban,Y
LP002113,Female,No,3+,Not Graduate,No,1761.0,0.0,,360.0,0.0,Urban,Refused
LP002874,Male,No,0,Graduate,false,3200.0,2739.0,110.0,360.0,1.0,Urban,Y
LP001743,m,Yes,2,Graduate,false,4178.0,1717.0,113.0,360.0,1.0,Semiurban,Y
LP001716,m,Yes,0,Graduate,,3210.0,3021.0,136.0,360.0,1.0,Urban,Accepted
LP001664,m,No,0,Graduate,false,4248.0,0.0,120.0,360.0,1.0,Rural,Accepted
LP002386,Male,No,0,,,13376.0,0.0,393.0,360.0,1.0,Semiurban,Y
LP002684,Female,No,,Not Graduate,false,3539.0,0.0,97.0,360.0,1.0,Rural,N
LP002863,m,Yes,3+,Graduate,false,6435.0,0.0,148.0,360.0,1.0,Semiurban,N
LP002369,Male,Yes,,Graduate,,2937.0,16.12000084,87.0,360.0,1.0,Rural,Y
LP002055,,No,0,Graduate,no,2928.0,2985.0,129.0,360.0,,Rural,Y
LP002640,Male,Yes,1,Graduate,no,6306.0,2004.0,252.0,360.0,1.0,Semiurban,Y
LP001682,Male,Yes,3+,Not Graduate,false,4066.0,0.0,,180.0,1.0,Urban,
LP001333,m,Yes,0,Graduate,no,2065.0,997.0,51.0,360.0,1.0,Semiurban,Accepted
LP002648,m,Yes,0,Graduate,false,2238.0,6666.0,70.0,180.0,1.0,Semiurban,Refused
LP002740,m,Yes,3+,Graduate,no,6244.0,0.0,157.0,180.0,1.0,Rural,Accepted
LP001656,m,No,0,Graduate,,11035.0,0.0,156.0,360.0,1.0,Semiurban,Refused
LP001770,Male,,0,,false,3289.0,2598.0,121.0,,1.0,Rural,Accepted
LP002494,,No,0,Graduate,,5792.0,0.0,141.0,360.0,1.0,Rural,Y
LP001519,Female,No,0,Graduate,No,9257.0,1666.0,226.0,360.0,1.0,Rural,N
LP002689,Male,Yes,2,Not Graduate,,2133.0,1742.0,45.0,360.0,1.0,Semiurban,Y
LP002925,,No,0,Graduate,,4718.0,0.0,91.0,360.0,1.0,Semiurban,Y
LP001473,Male,,0,Graduate,No,2019.0,1929.0,72.0,360.0,1.0,Urban,Accepted
LP002265,,Yes,2,Not Graduate,,1805.0,1625.0,113.0,180.0,1.0,Semiurban,
LP001854,Male,Yes,3+,Graduate,no,5310.0,0.0,95.0,360.0,1.0,Urban,Refused
LP001032,Male,No,0,Graduate,,4888.0,0.0,125.0,360.0,1.0,Urban,Y
LP001011,Male,Yes,2,Graduate,Yes,5174.0,4196.0,265.0,360.0,1.0,Urban,Accepted
LP001824,Male,Yes,1,Graduate,false,2604.0,1843.0,126.0,480.0,1.0,Semiurban,Y
LP002505,m,Yes,0,Graduate,,4429.0,2451.0,109.0,360.0,1.0,Urban,Refused
LP001726,Male,Yes,0,Graduate,no,3714.0,1775.0,133.0,360.0,1.0,Semiurban,Y
